,company,hours,stops,price
1,Air Canada,13:25,N,585
2,Hainan,13:25,N,1085
1,Air Canada,13:25,N,585
2,Hainan,13:25,N,1085
1,Air Canada,13:25,N,585
2,Hainan,13:25,N,1085
1,Air Canada,13:25,N,585
2,Hainan,13:25,N,1085
1,Air Canada,13:25,N,585
2,Hainan,13:25,N,1085
1,Air Canada,13:25,N,585
2,Hainan,13:25,N,1085
1,Air Canada,13:25,N,585
2,Hainan,13:25,N,1085
1,Air Canada,13:25,N,585
2,Hainan,13:25,N,1085
1,Air Canada,13:25,N,585
2,Hainan,13:25,N,1085
1,Air Canada,13:25,N,585
2,Hainan,13:25,N,1085
1,Air Canada,13:25,N,585
2,Hainan,13:25,N,1085
1,Air Canada,13:25,N,585
2,Hainan,13:25,N,1085
1,Air Canada,13:25,N,585
2,Hainan,13:25,N,1085
1,Air Canada,13:25,N,585
2,Hainan,13:25,N,1085
1,Air Canada,13:25,N,585
2,Hainan,13:25,N,1085
1,Air Canada,13:25,N,585
2,Hainan,13:25,N,1085
1,Air Canada,13:25,N,585
2,Hainan,13:25,N,1085
1,Air Canada,13:25,N,585
2,Hainan,13:25,N,1085
1,Air Canada,13:25,N,585
2,Hainan,13:25,N,1085
1,Air Canada,13:25,N,585
2,Hainan,13:25,N,1085
1,Air Canada,13:25,N,585
2,Hainan,13:25,N,1085
1,Air Canada,13:25,N,585
2,Hainan,13:25,N,1085
1,Air Canada,13:25,N,585
2,Hainan,13:25,N,1085
1,Air Canada,13:25,N,585
2,Hainan,13:25,N,1085
1,Air Canada,13:25,N,585
2,Hainan,13:25,N,1085
1,Air Canada,13:25,N,585
2,Hainan,13:25,N,1085
1,Air Canada,13:25,N,585
2,Hainan,13:25,N,1085
1,Air Canada,13:25,N,585
2,Hainan,13:25,N,1085
1,Air Canada,13:25,N,585
2,Hainan,13:25,N,1085
1,Air Canada,13:25,N,585
2,Hainan,13:25,N,1085
1,Air Canada,13:25,N,585
2,Hainan,13:25,N,1085
1,Air Canada,13:25,N,585
2,Hainan,13:25,N,1085
1,Air Canada,13:25,N,585
2,Hainan,13:25,N,1085
1,Air Canada,13:25,N,585
2,Hainan,13:25,N,1085
1,Air Canada,13:25,N,585
2,Hainan,13:25,N,1085
1,Air Canada,13:25,N,585
2,Hainan,13:25,N,1085
1,Air Canada,13:25,N,585
2,Hainan,13:25,N,1085
1,Air Canada,13:25,N,585
2,Hainan,13:25,N,1085
1,Air Canada,13:25,N,585
2,Hainan,13:25,N,1085
1,Air Canada,13:25,N,585
2,Hainan,13:25,N,1085
1,Air Canada,13:25,N,585
2,Hainan,13:25,N,1085
1,Air Canada,13:25,N,585
2,Hainan,13:25,N,1085
1,Air Canada,13:25,N,585
2,Hainan,13:25,N,1085
1,Air Canada,13:25,N,585
2,Hainan,13:25,N,1085
1,Air Canada,13:25,N,585
2,Hainan,13:25,N,1085
1,Air Canada,13:25,N,585
2,Hainan,13:25,N,1085
1,Air Canada,13:25,N,585
2,Hainan,13:25,N,1085
1,Air Canada,13:25,N,585
2,Hainan,13:25,N,1085
1,Air Canada,13:25,N,585
2,Hainan,13:25,N,1085
1,Air Canada,13:25,N,585
2,Hainan,13:25,N,1085
1,Air Canada,13:25,N,585
2,Hainan,13:25,N,1085
1,Air Canada,13:25,N,585
2,Hainan,13:25,N,1085
1,Air Canada,13:25,N,585
2,Hainan,13:25,N,1085
1,Air Canada,13:25,N,585
2,Hainan,13:25,N,1085
1,Air Canada,13:25,N,585
2,Hainan,13:25,N,1085
1,Air Canada,13:25,N,585
2,Hainan,13:25,N,1085
1,Air Canada,13:25,N,585
2,Hainan,13:25,N,1085
1,Air Canada,13:25,N,585
2,Hainan,13:25,N,1085
1,Air Canada,13:25,N,585
2,Hainan,13:25,N,1085
1,Air Canada,13:25,N,585
2,Hainan,13:25,N,1085
1,Air Canada,13:25,N,585
2,Hainan,13:25,N,1085
1,Air Canada,13:25,N,585
2,Hainan,13:25,N,1085
1,Air Canada,13:25,N,585
2,Hainan,13:25,N,1085
1,Air Canada,13:25,N,585
2,Hainan,13:25,N,1085
1,Air Canada,13:25,N,585
2,Hainan,13:25,N,1085
1,Air Canada,13:25,N,585
2,Hainan,13:25,N,1085
1,Air Canada,13:25,N,585
2,Hainan,13:25,N,1085
1,Air Canada,13:25,N,585
2,Hainan,13:25,N,1085
1,Air Canada,13:25,N,585
2,Hainan,13:25,N,1085
1,Air Canada,13:25,N,585
2,Hainan,13:25,N,1085
1,Air Canada,13:25,N,585
2,Hainan,13:25,N,1085
1,Air Canada,13:25,N,585
2,Hainan,13:25,N,1085
1,Air Canada,13:25,N,585
2,Hainan,13:25,N,1085
1,Air Canada,13:25,N,585
2,Hainan,13:25,N,1085
1,Air Canada,13:25,N,585
2,Hainan,13:25,N,1085
1,Air Canada,13:25,N,585
2,Hainan,13:25,N,1085
1,Air Canada,13:25,N,585
2,Hainan,13:25,N,1085
1,Air Canada,13:25,N,585
2,Hainan,13:25,N,1085
1,Air Canada,13:25,N,585
2,Hainan,13:25,N,1085
